provid,permid,orbit_class,population,ssObjectId,diaSourceId,phaseAngle,helioRange,topoRange,ephRa,ephDec,visit,detector,midpointMjdTai,band,ra,dec,snr,psfFlux,psfFluxErr,psfFlux_flag,trailFlux,trailFluxErr,scienceFlux,scienceFluxErr,forced_PsfFlux_flag,templateFlux,templateFluxErr,psfMag,psfMagErr,trailMag,trailMagErr,scienceMag,scienceMagErr,templateMag,templateMagErr
1998 SB139,25199,MBO,MBO,20892062354520386,745315078209274416,13.814259,2.7855887,1.9404088,289.1051314926973,-20.43778773300842,2025052700940,77,60823.310881503065,i,289.1051301438817,-20.43779799578089,395.1004333496094,236943.0,598.191,False,222803.0,0.026295,243278.0,586.929,False,8068.1,7.31388,17.963390292810047,0.0027410710730608246,18.030197414415944,1.281375665959527e-07,17.934742908012062,0.0026194316067102534,21.633071805774453,0.0009842396823320394
1998 SB139,25199,MBO,MBO,20892062354520386,745315078321471829,13.814116,2.7855883,1.940404,289.1050873933116,-20.43778048201226,2025052700941,35,60823.31137196548,i,289.1050789123528,-20.43779039083763,392.28564453125,234533.0,595.777,False,225803.0,0.378924,241435.0,585.185,False,8245.75,7.27089,17.974490102952387,0.002758062338671023,18.015675730930298,1.821993148366207e-06,17.942999428750717,0.002631584229008482,21.609424591392546,0.000957374255821479
1998 SB139,25199,MBO,MBO,20892062354520386,745315078579421293,13.813812,2.7855873,1.940394,289.1049937881148,-20.4377650807218,2025052700943,15,60823.312411398525,i,289.10498858444475,-20.437773626018668,398.2171936035156,236698.0,593.716,False,223339.0,0.285037,242688.0,582.147,False,7617.73,7.42628,17.964513529159476,0.0027233815252143655,18.027588581866013,1.3856738072570898e-06,17.937379243375208,0.0026044058408459894,21.69543606372127,0.0010584493158551443
1998 SB139,25199,MBO,MBO,20892062354520386,745315078757155337,13.813653,2.7855868,1.9403887,289.10494464193914,-20.437756988828312,2025052700944,98,60823.31295736766,i,289.10493991930804,-20.43776576524007,398.9946594238281,237021.0,592.334,False,230415.0,0.473018,241535.0,578.105,False,7258.72,7.19878,17.96303293476287,0.002713339544363468,17.99372312947211,2.228903317425391e-06,17.94254982060931,0.0025986689607962123,21.747849857556023,0.0010767705476577168
1998 SB139,25199,MBO,MBO,20892062354520386,745315078992560424,13.809124,2.7855732,1.9402391,289.1035478705543,-20.43752535287152,2025052700946,35,60823.328466791805,i,289.1035414164246,-20.437534955987843,392.9789733886719,233025.0,592.068,False,246395.0,0.966881,234314.0,589.327,False,138.324,6.69317,17.98149370838331,0.0027586295713194348,17.920920273477243,4.260547830060572e-06,17.975504405042987,0.00273075313028374,26.047756111738586,0.05253619618400028
1998 SB139,25199,MBO,MBO,20892062354520386,745315079389446544,13.808667,2.785572,1.940224,289.10340695210334,-20.437501802114586,2025052700949,24,60823.33003026659,i,289.1034013483675,-20.43751277487336,422.906005859375,237555.0,562.654,False,222652.0,0.0783647,233311.0,545.344,False,-177.901,8.09377,17.960589560559242,0.0025715889353603244,18.030933498524096,3.821362127928054e-07,17.98016196220248,0.0025378131270530823,nan,nan
1998 SB139,25199,MBO,MBO,20892062354520386,745315079582384180,13.808515,2.7855716,1.940219,289.1033598275412,-20.437493918955436,2025052700950,136,60823.330553404696,i,289.10335316407605,-20.437503970896763,430.572265625,231001.0,535.095,False,214017.0,0.00284172,224303.0,513.294,False,-161.054,9.34498,17.99096535012308,0.0025150193405066358,18.07387931998032,1.4416416314550296e-08,18.02291229447846,0.0024845939928444982,nan,nan
1998 SB139,25199,MBO,MBO,20892062354520386,745315079651590817,13.808356,2.785571,1.9402138,289.10331108036854,-20.43748576037073,2025052700951,12,60823.3310941422,i,289.1033064287523,-20.43749663353982,424.8833923339844,239534.0,565.264,False,218991.0,0.302035,234098.0,541.794,False,-125.055,9.22476,17.95158208282214,0.002562173074092202,18.048934333112648,1.4974603469506327e-06,17.976505741630653,0.0025128167186930523,nan,nan
1998 SB139,25199,MBO,MBO,20892062354520386,745315079824081722,13.808204,2.7855706,1.9402087,289.10326377415856,-20.437477839068304,2025052700952,85,60823.3316194858,i,289.10325963368393,-20.43748940994352,428.0881042480469,238901.0,556.905,False,221852.0,0.530176,234063.0,538.573,False,-69.9835,9.8894,17.954455080903948,0.0025309728838284642,18.034841629391906,2.594663381983403e-06,17.9766680822239,0.0024982513378219605,nan,nan
1998 SB139,25199,MBO,MBO,20892062354520386,745315079976125195,13.808051,2.7855701,1.9402037,289.1032167376121,-20.437469959120524,2025052700953,119,60823.33214151921,i,289.10321106883225,-20.437479897478283,431.0822448730469,239594.0,555.187,False,216367.0,0.212879,236980.0,542.158,False,-18.5403,10.4092,17.951310154766897,0.0025158670043261633,18.062022441293223,1.0682333248902526e-06,17.963220762149337,0.0024839251879280435,nan,nan
1998 SB139,25199,MBO,MBO,20892062354520386,745315080229880414,13.807748,2.7855692,1.9401937,289.1031231133928,-20.43745426312625,2025052700955,91,60823.33318095436,i,289.1031174018345,-20.43746455735369,424.1192932128906,238650.0,560.869,False,218809.0,0.19775,233412.0,541.651,False,10.7694,8.09832,17.955596403244343,0.002551668969503387,18.049837046683454,9.812408850671464e-07,17.97969205024874,0.0025195367080687145,28.81952126613382,0.8164465542356948
1998 SB139,25199,MBO,MBO,20892062354520386,745315080365670924,13.807604,2.7855687,1.940189,289.1030786884297,-20.43744681006056,2025052700956,94,60823.33367319656,i,289.10307394958465,-20.437457440825007,426.360595703125,238805.0,558.662,False,219049.0,0.0141584,233957.0,540.78,False,125.972,8.97931,17.954891460924543,0.002539978416862401,18.048646812793756,7.017739061960863e-08,17.97715989043582,0.0025096255150210468,26.149314937678426,0.07739149961948957
1998 SB139,25199,MBO,MBO,20892062354520386,745315080661369387,13.807299,2.7855678,1.9401789,289.1029847008631,-20.437431030792663,2025052700958,146,60823.33471606851,i,289.1029795530008,-20.437441299668897,421.70574951171875,236696.0,561.006,False,226085.0,0.121287,229148.0,536.302,False,197.211,8.33917,17.96452270321918,0.002573362055721445,18.014320626791715,5.824609792640279e-07,17.999709822294488,0.0025410760739992184,25.662672169862166,0.04591092458791715
1998 SB139,25199,MBO,MBO,20892062354520386,745315080856928781,13.80698,2.7855668,1.9401684,289.102886296084,-20.43741449358521,2025052700960,7,60823.33580825047,i,289.10288045642784,-20.4374256258112,414.9225158691406,236569.0,568.937,False,213210.0,0.0836257,231909.0,547.047,False,351.055,9.27312,17.96510541481338,0.002611143099264684,18.077981074594774,4.258498496607946e-07,17.986705991983165,0.002561128418575616,25.036562115210756,0.028679728946376715
1998 SB139,25199,MBO,MBO,20892062354520386,745315081141092911,13.806676,2.785566,1.9401584,289.1027923056156,-20.437398682556932,2025052700962,37,60823.33685103654,i,289.1027877725328,-20.43740979860118,425.4228820800781,234263.0,551.083,False,220959.0,0.232853,230680.0,535.085,False,157.116,10.3121,17.975740748468557,0.0025540984850746314,18.039220760647595,1.1441802664179622e-06,17.992475143152852,0.002518472260185157,25.909448983744973,0.07126085792734992
1998 SB139,25199,MBO,MBO,20892062354520386,745315081292087363,13.806528,2.7855656,1.9401535,289.1027467068683,-20.437391006435394,2025052700963,69,60823.337357576434,i,289.1027402989244,-20.43740024204113,413.243896484375,231990.0,560.021,False,219218.0,0.463237,228858.0,543.545,False,765.581,7.56536,17.98632683775572,0.0026209537949208814,18.04780947195952,2.2943059822204963e-06,18.001084754244975,0.002578657800296233,24.190022142278558,0.010729087317145787
1998 SB139,25199,MBO,MBO,20892062354520386,745315081430499922,13.806368,2.7855651,1.9401482,289.1026975032128,-20.4373827194053,2025052700964,77,60823.33790380399,i,289.10269250902127,-20.43739434033593,419.85015869140625,235279.0,558.529,False,213326.0,0.102883,234816.0,545.934,False,523.542,9.77929,17.97104208591802,0.0025774299775793608,18.077390524662967,5.236295712634337e-07,17.97318078565041,0.0025242757393220384,24.602621196882996,0.020280568864840545
1998 SB139,25199,MBO,MBO,20892062354520386,745315081591980065,13.806216,2.7855647,1.9401432,289.1026506425011,-20.437374823061944,2025052700965,129,60823.33842364054,i,289.1026445393247,-20.437386384531397,424.3070068359375,233112.0,551.043,False,214673.0,0.0675001,226135.0,525.089,False,-61.2474,8.7487,17.9810884238815,0.002566523249842807,18.070556436282253,3.4139040258948013e-07,18.01408053652389,0.0025210963643711036,nan,nan
1998 SB139,25199,MBO,MBO,20892062354520386,745315081663283646,13.806051,2.7855642,1.9401377,289.10259954617493,-20.43736620862597,2025052700966,9,60823.338990431075,i,289.1025955613696,-20.43737673995717,405.3367004394531,227748.0,559.454,False,212525.0,0.428827,227498.0,551.846,False,253.706,10.6306,18.006363570385517,0.0026670681649484515,18.08147493787618,2.1907680798511036e-06,18.007556042492794,0.002633689925464898,25.38917318177429,0.045493711463556165
1998 SB139,25199,MBO,MBO,20892062354520386,745315082224796157,13.804113,2.7855582,1.940074,289.1020017189536,-20.43726507936064,2025052700970,56,60823.34562419675,r,289.1019958877346,-20.437274871022904,456.3168029785156,203405.0,446.754,False,186832.0,0.141092,200516.0,433.543,False,26.4989,7.81663,18.129095939180672,0.002384685676531366,18.22137184283977,8.199275027758325e-07,18.144627418775706,0.0023475100771222085,27.841930406520632,0.32026983158179756
1998 SB139,25199,MBO,MBO,20892062354520386,745315082400956482,13.803958,2.7855577,1.9400688,289.10195350921106,-20.437256896645856,2025052700971,136,60823.346159234134,r,289.1019462457003,-20.437267485330214,448.1649169921875,204342.0,455.87,False,185428.0,0.554684,200620.0,441.728,False,57.5499,6.64759,18.12410590067819,0.0024221871096575453,18.229561714754205,3.2478400397806553e-06,18.144064434811042,0.002390589566391481,26.99988856564713,0.12541341174560347
1998 SB139,25199,MBO,MBO,20892062354520386,745315082471211604,13.803807,2.7855575,1.940064,289.1019071022157,-20.437249016015997,2025052700972,14,60823.34667471629,r,289.1019024150853,-20.437260940312758,435.1802673339844,203391.0,467.068,False,191968.0,1.63068,200853.0,450.541,False,20.1782,8.52564,18.12917067102107,0.0024932894290403467,18.191927899356596,9.222830244598546e-06,18.142804192831576,0.0024354560761279203,28.137793956703423,0.45874238619773255
1998 SB139,25199,MBO,MBO,20892062354520386,745315082641081008,13.803655,2.785557,1.940059,289.1018600650024,-20.437241024458856,2025052700973,82,60823.347196936214,r,289.1018552924423,-20.43724951763958,452.3471374511719,199333.0,441.044,False,188498.0,0.16154,197307.0,430.7,False,31.815,6.41729,18.151051992442028,0.0024022988947300476,18.21173313345411,9.304598896923493e-07,18.162143766754905,0.0023700456478631883,27.643420162843846,0.21899997489436535
1998 SB139,25199,MBO,MBO,20892062354520386,745315082901127718,13.803351,2.785556,1.9400489,289.1017665329757,-20.437225121794132,2025052700975,66,60823.348234866906,r,289.1017637674631,-20.437233094403872,440.30364990234375,197624.0,449.559,False,187250.0,0.0757592,194692.0,436.118,False,80.3343,5.79225,18.160400786584574,0.002469854228924825,18.218945434071237,4.392764150473776e-07,18.17662973377357,0.002432093330003825,26.63774750367566,0.07828357155745601
1998 SB139,25199,MBO,MBO,20892062354520386,745315083048976967,13.803198,2.7855556,1.9400438,289.10171904708176,-20.4372170420953,2025052700976,92,60823.34876146431,r,289.1017152097816,-20.43722712289693,455.6944885253906,203834.0,448.262,False,187720.0,0.229373,203556.0,440.188,False,98.0229,7.58933,18.126808432315478,0.002387699183945446,18.216223636148854,1.326649067840467e-06,18.128290229668252,0.0023478946126697336,26.421681094531678,0.08406209441569927
1998 SB139,25199,MBO,MBO,20892062354520386,745315083184243240,13.803045,2.7855551,1.9400388,289.10167201245343,-20.43720903520978,2025052700977,94,60823.34928356152,r,289.1016674738615,-20.437218982633162,447.8290100097656,198145.0,442.736,False,184597.0,0.146181,194778.0,427.78,False,96.0247,7.08503,18.157542205495897,0.0024259733837974887,18.23443840310236,8.597864894917169e-07,18.17615024464667,0.002384541541375674,26.44404264372343,0.08010932563017845
1998 SB139,25199,MBO,MBO,20892062354520386,745315083480990290,13.802741,2.7855542,1.9400289,289.1015781256412,-20.437193040667445,2025052700979,148,60823.350325471154,r,289.1015750466944,-20.437202343040337,442.79864501953125,194792.0,439.753,False,182302.0,0.080204,194893.0,432.649,False,94.0978,7.73055,18.176072208314956,0.0024511055031944517,18.248021416895206,4.776710587103864e-07,18.175509398049556,0.002410259316335091,26.46605131162776,0.08919802276060815
1998 SB139,25199,MBO,MBO,20892062354520386,745315083544953047,13.802582,2.7855537,1.9400237,289.10152893097523,-20.437184653569037,2025052700980,14,60823.35087184959,r,289.10152489408813,-20.437194013009137,425.027587890625,193951.0,456.126,False,184612.0,0.188264,192141.0,443.079,False,90.7249,6.994,18.180769942153077,0.00255338987588929,18.234350181834294,1.1072142551312468e-06,18.19094988334487,0.002503718221181279,26.505683763025356,0.08369961311369903
1998 SB139,25199,MBO,MBO,20892062354520386,745315084133204169,13.801973,2.785552,1.9400036,289.1013411714675,-20.437152602895853,2025052700984,112,60823.35295503803,r,289.1013365623214,-20.437162577289648,424.0032043457031,189568.0,446.414,False,181258.0,0.383588,187437.0,434.317,False,156.759,5.85119,18.205587429577307,0.002556802011422442,18.254257040800255,2.297693698270404e-06,18.217861688506822,0.0025157982475861995,25.911918770511335,0.040526214207763235
1998 SB139,25199,MBO,MBO,20892062354520386,745315084247498872,13.801819,2.7855515,1.9399985,289.10129351333615,-20.43714445752835,2025052700985,74,60823.35348482716,r,289.1012878714804,-20.43715438338869,422.4951477050781,192125.0,455.271,False,181358.0,0.32873,191586.0,446.805,False,79.109,7.24563,18.191040298730492,0.0025728260426039363,18.25365820554076,1.968008296476724e-06,18.194090574585378,0.002532086671337084,26.654435247274424,0.09944307817292733
1998 SB139,25199,MBO,MBO,20892062354520386,745315084486574667,13.801508,2.7855506,1.9399883,289.1011974797326,-20.43712803174748,2025052700987,18,60823.35455064691,r,289.1011921387072,-20.437136709275027,401.5697937011719,185944.0,464.578,False,185173.0,1.12019,185708.0,456.997,False,546.353,6.2994,18.226544576993795,0.002712693917066375,18.23105584335022,6.568078854227253e-06,18.227923467885073,0.002671819191626633,24.556316615384056,0.012518437980720488
1998 SB139,25199,MBO,MBO,20892062354520386,745315084670075185,13.801354,2.78555,1.9399832,289.1011503655569,-20.437119967154068,2025052700988,112,60823.355073870465,r,289.1011471634205,-20.437131299758065,433.0367126464844,187256.0,433.034,False,179772.0,0.402758,186084.0,422.086,False,388.379,7.31813,18.21891064468346,0.002510791045308131,18.263194874839016,2.432464148102842e-06,18.225727417662554,0.0024627267800085228,24.926860658193522,0.02045826050019582
1998 SB139,25199,MBO,MBO,20892062354520386,745319434213654823,13.521199,2.7847009,1.930697,289.0176825187991,-20.423035688756453,2025052800627,16,60824.32689917704,g,289.01767703793683,-20.423046670461698,380.8707580566406,121617.0,317.791,False,123294.0,1.02818,120898.0,306.345,False,-253.533,13.1359,18.687514284488827,0.002837080162122725,18.672645143674785,9.054230168912275e-06,18.693952208893318,0.002751160970173127,nan,nan
1998 SB139,25199,MBO,MBO,20892062354520386,745319434352591417,13.521044,2.7847004,1.930692,289.0176319452744,-20.42302815867012,2025052800628,25,60824.32742378176,g,289.0176270703743,-20.42303793580059,389.9924621582031,122601.0,314.384,False,124602.0,0.480451,122535.0,304.671,False,-258.439,9.52825,18.678764968656758,0.0027841379263829433,18.66118746678456,4.186473989851549e-06,18.67934961221173,0.0026995741981629667,nan,nan
1998 SB139,25199,MBO,MBO,20892062354520386,745319434486808630,13.520887,2.7847,1.9306871,289.0175815641101,-20.42302065340612,2025052800629,25,60824.3279452393,g,289.01757565511383,-20.423030685353343,382.7635803222656,123762.0,326.335,False,127926.0,0.269665,123262.0,316.138,False,-305.392,10.3743,18.668531702579543,0.0028628635211309862,18.632602948635665,2.288706414028419e-06,18.672926974648256,0.0027846576627830973,nan,nan
1998 SB139,25199,MBO,MBO,20892062354520386,745319434666639459,13.520733,2.7846994,1.9306822,289.01753137526566,-20.42301317299727,2025052800630,112,60824.328465268925,g,289.0175283812914,-20.423027554796036,394.06829833984375,125152.0,318.115,False,119661.0,0.224893,123092.0,301.358,False,-288.647,10.0196,18.656405514319907,0.0027597558342954145,18.705118430262857,2.0405518616445054e-06,18.674425429587945,0.002658136134346721,nan,nan
1998 SB139,25199,MBO,MBO,20892062354520386,745319434792468661,13.520574,2.784699,1.930677,289.01747973802514,-20.423005472754088,2025052800631,96,60824.32900047579,g,289.0174764340588,-20.42301575872379,401.60919189453125,125389.0,311.211,False,129184.0,0.53401,124435.0,298.366,False,-307.739,10.7961,18.654351402958653,0.002694758299600031,18.621978180674446,4.488125334295296e-06,18.66264361967247,0.0026033412267695466,nan,nan
1998 SB139,25199,MBO,MBO,20892062354520386,745319434909385183,13.520412,2.7846985,1.930672,289.0174277141291,-20.42299771078758,2025052800632,63,60824.32953995619,g,289.01742235919545,-20.423008145545268,394.9795227050781,125629.0,319.493,False,124362.0,0.704962,123874.0,307.026,False,-345.926,9.27679,18.65227524293393,0.0027611867460951523,18.663280755532,6.1546355223440515e-06,18.66754959607464,0.002691034801995243,nan,nan
1998 SB139,25199,MBO,MBO,20892062354520386,745319435035738637,13.520255,2.784698,1.930667,289.0173768478662,-20.42299011759058,2025052800633,48,60824.330066121125,g,289.01736822307095,-20.42299813020859,398.5447998046875,127628.0,319.957,False,133499.0,2.21261,126059.0,306.649,False,-374.37,7.36264,18.635135090849595,0.002721886260546383,18.58630496863444,1.799497217870694e-05,18.64856535591282,0.0026411434894689834,nan,nan
1998 SB139,25199,MBO,MBO,20892062354520386,745319435163664897,13.5201,2.7846975,1.9306622,289.0173265602264,-20.422982606925373,2025052800634,36,60824.33058773106,g,289.0173229788321,-20.42299453095914,400.4361267089844,127621.0,317.444,False,136672.0,2.26024,126986.0,307.337,False,-337.674,9.42874,18.63519464174645,0.00270065619332486,18.560801125633173,1.7955576007521547e-05,18.64061039166318,0.002627745688961086,nan,nan
1998 SB139,25199,MBO,MBO,20892062354520386,745319435339301465,13.519948,2.784697,1.9306573,289.0172774304056,-20.422975265490606,2025052800635,115,60824.33109661001,g,289.0172732092619,-20.422985340717343,400.7462463378906,129232.0,323.757,False,127376.0,0.739432,128632.0,314.893,False,-327.044,12.0324,18.621574836156867,0.0027200281972381366,18.637280983562377,6.302820536679886e-06,18.626627444496933,0.002657898007933427,nan,nan
1998 SB139,25199,MBO,MBO,20892062354520386,745319435463033047,13.519792,2.7846966,1.9306524,289.01722685229936,-20.4229677038199,2025052800636,95,60824.331620986464,g,289.0172222470878,-20.422976789502847,414.0278015136719,129323.0,312.728,False,131580.0,0.479445,128655.0,301.398,False,-265.915,11.003,18.620810573244043,0.002625519887380127,18.60202529484708,3.956154476421999e-06,18.626433327166666,0.0025435368370815585,nan,nan
1998 SB139,25199,MBO,MBO,20892062354520386,745319435596726678,13.519635,2.784696,1.9306474,289.01717608080514,-20.422960109334785,2025052800637,94,60824.33214602829,g,289.01717227240516,-20.422970589317124,416.7875061035156,128862.0,308.938,False,131279.0,0.369682,128591.0,299.942,False,-206.668,17.5728,18.62468783119715,0.002602979613090716,18.604511850304377,3.0574360471607047e-06,18.62697356583734,0.002532509068429679,nan,nan
1998 SB139,25199,MBO,MBO,20892062354520386,745319435754013327,13.519481,2.7846956,1.9306425,289.01712598462217,-20.42295261202785,2025052800638,138,60824.33266572036,g,289.0171226528986,-20.42296304160186,410.2397155761719,129678.0,314.992,False,132671.0,0.664135,129882.0,304.52,False,-166.354,13.3818,18.617834240379995,0.002637287923784099,18.593059993448723,5.43506411963348e-06,18.61612758117691,0.0025456058356407457,nan,nan
1998 SB139,25199,MBO,MBO,20892062354520386,745319435890328071,13.519325,2.7846951,1.9306376,289.0170758881444,-20.422945110861924,2025052800639,142,60824.333184273455,g,289.01707199700786,-20.422955161374723,409.0880126953125,129934.0,316.65,False,131858.0,0.178919,128785.0,303.917,False,-110.317,9.73454,18.61569297912468,0.0026459461157961254,18.599733789620313,1.473242720500957e-06,18.625336794237707,0.0025622058598374214,nan,nan
1998 SB139,25199,MBO,MBO,20892062354520386,745319435983126921,13.519156,2.7846947,1.9306322,289.0170210616384,-20.42293689707055,2025052800640,63,60824.33375218396,g,289.017016904566,-20.422946770451006,401.30194091796875,130917.0,326.934,False,125383.0,0.213521,130592.0,314.632,False,-46.2813,8.32832,18.60750988807655,0.002711367278722962,18.654403357859756,1.8489546766189464e-06,18.61020856726706,0.0026158366601098148,nan,nan
1998 SB139,25199,MBO,MBO,20892062354520386,745319436097946326,13.519,2.7846942,1.9306273,289.0169705785687,-20.422929329937272,2025052800641,26,60824.33427520248,g,289.01696542952305,-20.422940891131454,400.5101013183594,131206.0,327.371,False,130834.0,0.546289,129495.0,312.916,False,35.9189,11.8809,18.60511576096587,0.0027090113979050074,18.60819845169629,4.533422310643059e-06,18.6193675000829,0.0026236087422578753,27.511692443702408,0.3591291453115569
1998 SB139,25199,MBO,MBO,20892062354520386,745319436230066355,13.518844,2.784694,1.9306223,289.01691990227306,-20.42292172993045,2025052800642,22,60824.33480056905,g,289.01691802486505,-20.422931742621547,384.0927734375,131917.0,344.208,False,130627.0,0.61023,132358.0,335.319,False,106.656,10.0822,18.599248084476542,0.002832986620751687,18.609917617777214,5.0720665353519875e-06,18.59562450970986,0.0027506307039118416,26.330036788067346,0.10263473034755714
1998 SB139,25199,MBO,MBO,20892062354520386,745319436381585703,13.518688,2.7846935,1.9306175,289.0168694189028,-20.42291415495694,2025052800643,55,60824.33532379405,g,289.01686493887615,-20.422924469930905,411.3653259277344,133687.0,325.444,False,130047.0,0.57137,132187.0,309.718,False,212.999,7.73983,18.584777055943054,0.002643086715135929,18.614749154777027,4.770253073127655e-06,18.597028134173534,0.002543911517898474,25.57905612485802,0.03945283286568159
1998 SB139,25199,MBO,MBO,20892062354520386,745319436570329407,13.5185375,2.784693,1.9306127,289.01682076948833,-20.422906851479727,2025052800644,159,60824.3358271339,g,289.01681515274225,-20.42291768896399,406.73681640625,132914.0,325.875,False,133692.0,0.714009,133262.0,315.361,False,294.421,10.0758,18.591073179649904,0.002661979067107719,18.58473644930585,5.798592344001164e-06,18.58823418278666,0.002569365963676717,25.227578078295743,0.03715652470739311
1998 SB139,25199,MBO,MBO,20892062354520386,745319436625379943,13.518377,2.7846925,1.9306076,289.0167687415438,-20.42289903679292,2025052800645,8,60824.33636637025,g,289.016766771428,-20.422910077678203,401.0467224121094,133490.0,332.552,False,130806.0,0.730517,134337.0,323.57,False,385.913,8.52982,18.58637816734934,0.0027047999736707165,18.608430836758583,6.063550505368763e-06,18.579510886371292,0.002615151981403168,24.933776494264777,0.02399798661598997
1998 SB139,25199,MBO,MBO,20892062354520386,745319436777422993,13.518221,2.784692,1.9306027,289.0167183545386,-20.422891464624342,2025052800646,42,60824.33688835925,g,289.0167139709261,-20.422902632578662,417.75469970703125,132191.0,317.624,False,132038.0,0.101881,130470.0,301.155,False,417.39,7.23165,18.596995280117454,0.002608769648561543,18.59825265654392,8.377579747880593e-07,18.611223344037505,0.002506130799559844,24.848644862271737,0.018811336674480046
1998 SB139,25199,MBO,MBO,20892062354520386,745319437036421181,13.517037,2.7846885,1.9305652,289.01633505084635,-20.422833733871123,2025052800648,24,60824.340859225485,u,289.01619091046126,-20.42281027370352,45.69463348388672,7835.14,442.988,False,20952.6,30.5361,33594.0,424.721,False,25724.1,104.798,21.66488307869703,0.061386026112836015,20.59690521504183,0.0015823406336692737,20.08434570530343,0.013726706424764428,20.374149543505503,0.004423205505217931
1998 SB139,25199,MBO,MBO,20892062354520386,745319437187416149,13.516854,2.784688,1.9305594,289.0162758818876,-20.42282480202375,2025052800649,56,60824.34147272036,u,289.0161492190443,-20.422808779435165,42.13972854614258,8256.66,394.138,False,17936.3,28.7078,34179.9,377.843,False,25868.8,110.378,21.6079889764425,0.051828449845689295,20.765667804560387,0.0017377662263252092,20.06557308020108,0.012002312163558288,20.36805925930232,0.004632661174862697
1998 SB139,25199,MBO,MBO,20892062354520386,745319437325303865,13.516672,2.7846875,1.9305537,289.01621671352063,-20.42281586484612,2025052800650,63,60824.3420853516,u,289.0160979980759,-20.422796362982705,35.25511932373047,10131.1,410.805,False,15712.4,26.5827,35294.9,395.453,False,25019.9,133.183,21.385858536558214,0.044025413907761365,20.909393656310154,0.0018368804183063094,20.030720158666156,0.012164864089958732,20.404286059137274,0.005779463596689085
1998 SB139,25199,MBO,MBO,20892062354520386,745319437609468012,13.516299,2.7846863,1.9305419,289.0160959656539,-20.422797609455625,2025052800652,93,60824.34333693642,u,289.0161982306886,-20.42281819330459,33.907779693603516,10970.0,436.25,False,15582.8,16.1877,36362.9,422.488,False,25436.1,125.111,21.299483431063223,0.043177066483658516,20.91838627190831,0.0011278828244568203,19.998353767610087,0.012614795424551479,20.386373707401077,0.005340344803874595
1998 SB139,25199,MBO,MBO,20892062354520386,745319437731627082,13.516117,2.7846859,1.9305362,289.0160369923524,-20.422788685286807,2025052800653,70,60824.34394769481,u,289.01615729587286,-20.422812456625827,38.40636444091797,9471.92,446.789,False,18222.3,29.4176,35593.5,424.341,False,26139.5,178.027,21.45890495561613,0.05121400927997789,20.748491972699973,0.001752783824961997,20.02157326151961,0.012944003556106642,20.356756809803542,0.007394569578792333
1998 SB139,25199,MBO,MBO,20892062354520386,745319437854834766,13.515932,2.7846854,1.9305303,289.01597724776167,-20.4227796388866,2025052800654,49,60824.34456681245,u,289.0161170029085,-20.42280309180275,48.27796173095703,8914.0,417.849,False,20979.6,19.8939,35016.0,400.183,False,26016.8,115.13,21.524818425624606,0.05089452393557217,20.595507011173396,0.0010295490760807381,20.039333665987357,0.012408418629707691,20.361865271402998,0.004804618650953675
1998 SB139,25199,MBO,MBO,20892062354520386,745319437967032986,13.515748,2.7846847,1.9305245,289.0159176971031,-20.422770616320623,2025052800655,7,60824.34518366796,u,289.01607288803257,-20.422792646727356,43.46025466918945,7587.54,527.077,False,24624.2,29.6346,32754.4,517.238,False,25474.2,34.1453,21.69974751040192,0.07542189000347188,20.421594709744184,0.0013066560055989497,20.111825866127834,0.017145299269784087,20.38474864787638,0.0014553073911673538
1998 SB139,25199,MBO,MBO,20892062354520386,745328199301333135,12.924693,2.782948,1.9121114,288.82611404600533,-20.39603593309333,2025053000396,14,60826.3317259303,z,288.82610651542655,-20.3960487657688,185.9765625,164175.0,872.604,False,145380.0,0.706674,165124.0,852.27,False,1464.85,43.4587,18.36173243760092,0.005770779713463803,18.493738338697124,5.2776277671281795e-06,18.355474498701632,0.005603912310960225,23.485517129591262,0.032211272767002426
1998 SB139,25199,MBO,MBO,20892062354520386,745328199433978289,12.924546,2.7829475,1.9121071,288.82606252453684,-20.396029726271244,2025053000397,11,60826.33219766841,z,288.82605628809324,-20.396038378986752,176.06497192382812,165466.0,931.938,False,147232.0,0.691504,166823.0,920.509,False,2090.03,38.5495,18.353228079182028,0.0061150859660982345,18.479994471038243,5.09937330397719e-06,18.344360182739813,0.00599095998685707,23.09961868488476,0.020025830590223403
1998 SB139,25199,MBO,MBO,20892062354520386,745328199597031494,12.924399,2.782947,1.9121029,288.82601089404454,-20.396023503077867,2025053000398,66,60826.33267039025,z,288.82600445249824,-20.396033956350845,162.24440002441406,161004.0,981.894,False,151712.0,4.77347,162232.0,963.05,False,3655.57,39.7976,18.38290833544292,0.006621437016592305,18.447450165902843,3.416162940187362e-05,18.374658694475094,0.006445203404622397,22.492612218285462,0.011820234368141447
1998 SB139,25199,MBO,MBO,20892062354520386,745328199747502111,12.924244,2.7829466,1.9120983,288.82595598912667,-20.396016881649192,2025053000399,97,60826.33317378342,z,288.8259497141164,-20.396025793584208,169.12156677246094,158030.0,923.571,False,150876.0,1.60773,155292.0,900.226,False,285.715,44.8636,18.40315114973896,0.006345342370878298,18.45344959599717,1.1569571715503161e-05,18.422127291865756,0.006294000817675713,25.26016741045483,0.1704847041601576
1998 SB139,25199,MBO,MBO,20892062354520386,745328199843447002,12.924097,2.7829463,1.9120941,288.8259044682396,-20.39601066499093,2025053000400,24,60826.33364561732,z,288.8258984536923,-20.396022093668762,184.23512268066406,159598.0,855.904,False,153342.0,1.08886,164391.0,845.639,False,5637.15,45.7582,18.392431388265322,0.005822666647356754,18.435847191630927,7.709660509523886e-06,18.360304906730335,0.00558510413306484,22.022351040812257,0.008813201174609738
1998 SB139,25199,MBO,MBO,20892062354520386,745328200141766725,12.923802,2.7829454,1.9120854,288.82580066315035,-20.39599812974789,2025053000402,81,60826.33459692211,z,288.82579267431737,-20.39600927703362,177.48187255859375,156160.0,869.255,False,147854.0,1.69994,164545.0,860.395,False,9126.08,71.3072,18.416075499193457,0.006043683593548117,18.475417304249312,1.24831683094173e-05,18.359288274998026,0.005677243447680913,21.499289311915398,0.008483467753919364
1998 SB139,25199,MBO,MBO,20892062354520386,745328200268644644,12.923657,2.7829452,1.9120812,288.8257496888565,-20.395991969409067,2025053000403,67,60826.335063428356,z,288.825744744281,-20.3960029439314,164.58038330078125,155867.0,940.716,False,147093.0,0.616694,176059.0,930.986,False,20817.1,35.1159,18.418114558643417,0.0065528265977163914,18.48101998598724,4.5519975412147255e-06,18.285854423070234,0.005741286905183771,20.603949449238264,0.0018315040365994323
1998 SB139,25199,MBO,MBO,20892062354520386,745328200421736775,12.92351,2.7829447,1.912077,288.8256976233761,-20.39598567392436,2025053000404,103,60826.33554055706,z,288.82569111378393,-20.395996083283205,165.6908416748047,155789.0,931.029,False,148792.0,0.74486,183407.0,919.476,False,28425.9,43.3641,18.41865802596469,0.006488596011061742,18.468551046458803,5.4352482819844515e-06,18.24146023214266,0.005443131379500732,20.26571442535282,0.0016563054904347896
1998 SB139,25199,MBO,MBO,20892062354520386,745328200573780312,12.923362,2.7829442,1.9120727,288.8256457766322,-20.395979401598478,2025053000405,137,60826.336015523404,z,288.82564022111404,-20.39599102288602,164.9657745361328,152934.0,923.775,False,148849.0,2.69375,201805.0,914.145,False,49672.8,64.8842,18.438739880797403,0.006558227660675014,18.468135196730927,1.964878365338926e-05,18.13767019428755,0.004918214831666239,19.659703379478966,0.0014182233554096283
1998 SB139,25199,MBO,MBO,20892062354520386,745328200713240967,12.923216,2.7829437,1.9120684,288.8255942576748,-20.395973165673883,2025053000406,147,60826.33648700757,z,288.8255881205295,-20.395984825065785,165.5425262451172,155224.0,938.322,False,145512.0,2.6018,218568.0,921.53,False,64979.5,75.9575,18.42260282332374,0.006563225985977821,18.49275297513357,1.9413302129278378e-05,18.051033554281375,0.004577699007079887,19.36805908689727,0.001269166492942717
1998 SB139,25199,MBO,MBO,20892062354520386,745328200846409997,12.92307,2.7829435,1.9120641,288.8255429575041,-20.395966953006745,2025053000407,145,60826.33695770087,z,288.8255396377756,-20.395977538354852,148.4651641845703,150630.0,972.379,False,143942.0,0.511914,237008.0,959.099,False,87375.5,63.2542,18.455221309764973,0.007008876822644186,18.504531168270795,3.861302327389707e-06,17.96309248626991,0.004393642860945739,19.046525815050714,0.0007860026554712848
1998 SB139,25199,MBO,MBO,20892062354520386,745328200911946053,12.9229145,2.782943,1.9120597,288.8254883833373,-20.39596034031019,2025053000408,14,60826.33745778985,z,288.8254861767873,-20.395970325579725,126.33158874511719,154327.0,1171.51,False,147736.0,3.22346,315641.0,1162.0,False,160533.0,81.6637,18.428895215217935,0.008241920285102988,18.47628415954866,2.3689738331261113e-05,17.652016473437488,0.003997026590110113,18.386089195612715,0.0005523177893355713
1998 SB139,25199,MBO,MBO,20892062354520386,745328201045115064,12.922768,2.7829425,1.9120554,288.8254367566868,-20.395954081405176,2025053000409,12,60826.33793047303,z,288.8254320300221,-20.395963813004293,109.66268920898438,153669.0,1349.18,False,147218.0,1.34643,421612.0,1332.53,False,268618.0,64.7802,18.433534337217157,0.009532525304723025,18.480097716457692,9.929952433893568e-06,17.33771759162103,0.003431534436247137,17.827162221920016,0.0002618372759462377
1998 SB139,25199,MBO,MBO,20892062354520386,745328201173565722,12.922621,2.782942,1.9120511,288.8253849123269,-20.395947792820667,2025053000410,1,60826.33840546009,z,288.82538098746045,-20.395959042684062,86.65316772460938,156302.0,1755.24,False,150428.0,1.09282,600131.0,1739.63,False,443379.0,57.3166,18.415088662063248,0.012192598977855474,18.456678296433815,7.88758935676745e-06,16.95438484751064,0.0031472783095438015,17.283062201148653,0.00014035556176939285
1998 SB139,25199,MBO,MBO,20892062354520386,745328201309880638,12.922474,2.7829418,1.9120468,288.8253331776027,-20.39594151425096,2025053000411,5,60826.33887917332,z,288.8253335999385,-20.39595311530385,82.94087219238281,149053.0,1852.67,False,140162.0,1.46177,637550.0,1840.71,False,488449.0,152.316,18.466648196171064,0.013495273105420624,18.533424285239377,1.1323302140755879e-05,16.88871437479352,0.0031346960192122435,17.177951937973816,0.00033857166159566266
1998 SB139,25199,MBO,MBO,20892062354520386,745328201473982621,12.922328,2.7829413,1.9120425,288.8252818801015,-20.395935285501963,2025053000412,62,60826.339349731425,z,288.82528097830635,-20.395947286159238,71.28791809082031,146091.0,1959.98,False,147050.0,12.2629,772116.0,1945.64,False,626901.0,105.115,18.48844134535816,0.01456640878217038,18.481337427892278,9.054250178868833e-05,16.68079361970667,0.002735925437796841,16.90700259349107,0.00018204973168613227
1998 SB139,25199,MBO,MBO,20892062354520386,745328201618686068,12.922178,2.7829409,1.9120382,288.825229273506,-20.39592889444404,2025053000413,82,60826.33983124678,z,288.8252248818667,-20.395942744912855,66.64752960205078,147540.0,2176.36,False,141803.0,8.50869,843881.0,2178.36,False,695281.0,224.811,18.477725552194098,0.016015676855220422,18.520786452683797,6.514807626198327e-05,16.584296977888112,0.0028026753009354846,16.794599096131464,0.000351060142538418
1998 SB139,25199,MBO,MBO,20892062354520386,745328201758670880,12.922032,2.7829404,1.9120339,288.82517797728417,-20.395922659308525,2025053000414,93,60826.3403017549,z,288.82517551514934,-20.395938012875497,61.39579772949219,152594.0,2453.04,False,145089.0,5.39879,882091.0,2437.86,False,729752.0,207.543,18.44115635628902,0.017453860454090277,18.495913781455464,4.040045515156738e-05,16.536216522546805,0.0030006801801214073,16.74206176521515,0.00030878565368632014
1998 SB139,25199,MBO,MBO,20892062354520386,745328201849897226,12.921885,2.7829401,1.9120296,288.8251259177356,-20.395916328084944,2025053000415,11,60826.34077899776,z,288.8251137605142,-20.395928274929563,58.385345458984375,142823.0,2352.77,False,145062.0,6.71999,854061.0,2348.56,False,711642.0,120.574,18.51300462200269,0.01788568782111123,18.496115847811353,5.029667449829323e-05,16.571277773461034,0.002985637658977647,16.76934607112328,0.00018395703799876267
1998 SB139,25199,MBO,MBO,20892062354520386,745328202013999548,12.921739,2.7829397,1.9120253,288.8250747320214,-20.3959100998848,2025053000416,68,60826.34124727428,z,288.8250690177621,-20.395932609321427,70.57648468017578,145006.0,2045.56,False,136539.0,0.406214,766941.0,2018.35,False,623870.0,101.319,18.496535068326693,0.015316184258736843,18.56185820552117,3.230148495088028e-06,16.688095111509544,0.002857319718682844,16.912264744401853,0.0001763279317725828
1998 SB139,25199,MBO,MBO,20892062354520386,745332603251327060,12.613174,2.7820594,1.9029956,288.7193602832622,-20.38339834389996,2025053100440,10,60827.34752610271,i,288.7193577117802,-20.383408336713863,374.35528564453125,223245.0,584.301,False,224119.0,1.44589,224174.0,592.717,False,183.072,71.5799,18.028045647971176,0.0028417065454720176,18.02380330996337,7.004560374587772e-06,18.023536897186187,0.0028706910004714834,25.743445147864286,0.42451543215862475
1998 SB139,25199,MBO,MBO,20892062354520386,745332603391836745,12.612862,2.7820587,1.9029869,288.7192463696548,-20.383385747063663,2025053100441,22,60827.34851439272,i,288.71924288538395,-20.38339656317049,355.0306396484375,221846.0,617.276,False,237804.0,1.61771,221628.0,610.792,False,187.67,25.0193,18.0348709935866,0.003021009630953762,17.959452111432537,7.385940983448801e-06,18.035938431640254,0.00299221659489917,25.716512875600444,0.14474535404201908
1998 SB139,25199,MBO,MBO,20892062354520386,745332603685437776,12.612563,2.7820578,1.9029787,288.7191374195952,-20.383373685605736,2025053100443,70,60827.349459927325,i,288.719133606429,-20.38338402908841,362.1902770996094,218167.0,596.046,False,201112.0,0.0369182,220022.0,601.62,False,180.915,51.9287,18.05302735070464,0.0029662998719666056,18.1414050376019,1.993089768603128e-07,18.043834729752326,0.002968796803070327,25.756313598997423,0.3116428775852047
1998 SB139,25199,MBO,MBO,20892062354520386,745332603832238930,12.612413,2.7820575,1.9029744,288.719082658645,-20.38336761823623,2025053100444,94,60827.349934079524,i,288.7190781665767,-20.38337765219303,391.79046630859375,221269.0,564.45,False,218990.0,6.83355,222996.0,614.033,False,335.023,166.776,18.037698567215223,0.0027696776956073464,18.04893929102728,3.3880234788556714e-05,18.02925731764314,0.002989640535041787,25.08731340865333,0.5404844945062092
1998 SB139,25199,MBO,MBO,20892062354520386,745332603930805632,12.612265,2.782057,1.9029703,288.7190283603108,-20.38336159882806,2025053100445,26,60827.350405872276,i,288.7190250381452,-20.383374396339352,369.9761047363281,219997.0,580.694,False,193066.0,0.923833,219906.0,621.675,False,420.855,135.99,18.043958103539133,0.00286585938361364,18.185735502922007,5.195316362849101e-06,18.044407302549104,0.00306937983429008,24.839668743628692,0.3508316845346571
1998 SB139,25199,MBO,MBO,20892062354520386,745332604072362423,12.612114,2.7820566,1.902966,288.7189736024061,-20.383355525148737,2025053100446,40,60827.35088096234,i,288.7189667540245,-20.383364963951546,390.61639404296875,215814.0,554.336,False,198774.0,0.385222,218284.0,575.107,False,362.383,82.484,18.064800964406963,0.0027888026875474647,18.15410105682591,2.104145709197523e-06,18.052445241194064,0.002860560030411036,25.00208047318325,0.24713043232818716
1998 SB139,25199,MBO,MBO,20892062354520386,745332604206580896,12.611964,2.782056,1.9029619,288.7189189614048,-20.383349461108413,2025053100447,40,60827.351354848855,i,288.7189164729358,-20.38335924103226,376.74530029296875,214337.0,565.568,False,203345.0,0.500671,218972.0,575.995,False,753.151,44.4354,18.072257130622198,0.002864916679950829,18.129416254719743,2.6732728267598442e-06,18.04902853736234,0.0028559752843204263,24.2077948559245,0.06405769949109247
1998 SB139,25199,MBO,MBO,20892062354520386,745332604377497798,12.611815,2.7820559,1.9029578,288.7188645525733,-20.38334341953021,2025053100448,110,60827.35182649006,i,288.7188588901847,-20.38335360421223,348.58740234375,208775.0,591.912,False,195396.0,0.0572098,211853.0,592.843,False,1489.82,40.3213,18.10080376910841,0.003078243442208279,18.17271082769087,3.1789162590553123e-07,18.084913454196176,0.003038291305398698,23.467165538798447,0.029384957485624193
1998 SB139,25199,MBO,MBO,20892062354520386,745332604509618298,12.611665,2.7820554,1.9029535,288.71880979954966,-20.38333733640408,2025053100449,106,60827.35230137309,i,288.7188054154751,-20.383347984226482,362.7590026855469,214577.0,587.453,False,203741.0,0.749382,220819.0,600.078,False,2991.7,69.1328,18.071042077178674,0.0029724480903109145,18.12730391642905,3.9934583086845415e-06,18.03990890298947,0.0029504997915021647,22.710204914121842,0.025089408071014604
1998 SB139,25199,MBO,MBO,20892062354520386,745332604799550637,12.611364,2.7820544,1.9029452,288.71870018337825,-20.383325147879024,2025053100451,147,60827.353252178305,i,288.7186953358864,-20.383335951836408,371.0223083496094,212682.0,566.405,False,208067.0,2.68524,224229.0,586.978,False,6095.51,73.9454,18.08067316089747,0.0028914832795662354,18.1044919865729,1.4012132242740337e-05,18.023270549764064,0.0028421983583060916,21.937474921528917,0.01317120259978459
1998 SB139,25199,MBO,MBO,20892062354520386,745332604934291491,12.611215,2.7820542,1.902941,288.7186455508124,-20.383319068132987,2025053100452,148,60827.353726012734,i,288.71864182319564,-20.383329705913255,376.8211364746094,208728.0,546.2,False,208343.0,3.948,214750.0,562.987,False,6772.33,118.995,18.101048220534334,0.002841157526984909,18.103052716447802,2.0574180494108442e-05,18.0701670687418,0.002846357942621748,21.82315470717606,0.01907721289081452
1998 SB139,25199,MBO,MBO,20892062354520386,745332605004021774,12.611065,2.7820537,1.9029368,288.7185908047423,-20.383312972418228,2025053100453,25,60827.35420199807,i,288.71858724158517,-20.383323318305475,364.9493103027344,205343.0,555.925,False,202582.0,1.01928,214915.0,562.189,False,6778.84,46.8249,18.118800243386783,0.002939413013234185,18.13349786397388,5.462820743704772e-06,18.06933317963009,0.002840141355021443,21.822111566427623,0.007499733302800406
1998 SB139,25199,MBO,MBO,20892062354520386,745332605136142548,12.610915,2.7820532,1.9029326,288.7185362909867,-20.383306899250268,2025053100454,21,60827.354674772454,i,288.7185324724081,-20.38331707106241,359.8995056152344,209815.0,577.489,False,205341.0,0.651549,218544.0,590.417,False,6382.5,78.2869,18.095408666614965,0.002988350356235813,18.118810818293085,3.445051492730045e-06,18.051152780790556,0.0029332175869498426,21.88752294130928,0.013317497118610383
1998 SB139,25199,MBO,MBO,20892062354520386,745332605400383795,12.610616,2.7820525,1.9029243,288.7184270385624,-20.38329471788171,2025053100456,13,60827.35562256546,i,288.7184231331654,-20.383304633007057,352.322021484375,205428.0,578.211,False,205496.0,0.696457,213838.0,591.163,False,2465.88,43.466,18.11835090505121,0.003055983678461402,18.11799156822689,3.6797242320053566e-06,18.074787790335886,0.003001557716826786,22.92007020611293,0.01913824342143058
1998 SB139,25199,MBO,MBO,20892062354520386,745332605580738734,12.610465,2.782052,1.9029201,288.71837218470347,-20.383288596795516,2025053100457,101,60827.35609851926,i,288.71836904548104,-20.38329909235747,339.508056640625,211760.0,621.71,False,193712.0,2.64679,208612.0,604.039,False,2264.03,45.8683,18.085390179266767,0.0031876326016088263,18.182108687330278,1.4834990911136506e-05,18.101651783111585,0.003143764562807171,23.012794542791305,0.02199656136499472
1998 SB139,25199,MBO,MBO,20892062354520386,745332605684547722,12.610314,2.7820516,1.902916,288.7183171022675,-20.38328244682478,2025053100458,43,60827.35657662971,i,288.71831312304244,-20.383293187260257,353.7798767089844,203963.0,574.819,False,192116.0,1.44202,204331.0,576.459,False,1045.14,65.41,18.12612152203862,0.003059877363119272,18.191091160693922,8.14952104792985e-06,18.12416434886662,0.0030630809318901112,23.852063810925607,0.06795071295131964
1998 SB139,25199,MBO,MBO,20892062354520386,745332605843931809,12.610165,2.782051,1.9029118,288.7182625980496,-20.383276358080742,2025053100459,91,60827.35704930446,i,288.7182564360958,-20.383285955125356,367.5852966308594,195281.0,530.398,False,185871.0,0.701655,195746.0,551.013,False,349.162,88.4362,18.17335002409687,0.0029489418973906298,18.226970911294266,4.098607124719623e-06,18.17076775958216,0.00305628091466766,25.042432608309795,0.2749966803454819
1998 SB139,25199,MBO,MBO,20892062354520386,745332605940401442,12.610019,2.7820508,1.9029077,288.71820959366386,-20.38327043370575,2025053100460,19,60827.357509068795,i,288.71820409053106,-20.383280752947478,349.8246154785156,203440.0,578.887,False,208809.0,2.53283,204446.0,591.488,False,163.281,93.5854,18.128909132080867,0.003089454386260844,18.100626966208665,1.3169859687152841e-05,18.123553455069555,0.003141171313221533,25.867660832252646,0.6222956566166761
1998 SB139,25199,MBO,MBO,20892062354520386,745332606816486126,12.609115,2.7820482,1.9028826,288.71787985811386,-20.383233508271164,2025053100466,154,60827.36037118246,i,288.71787596356654,-20.383244102589096,284.1484375,209613.0,733.808,False,194208.0,1.7777,212573.0,742.008,False,-135.807,44.1719,18.096454465800132,0.0038009183348181453,18.179332210474065,9.938381498405363e-06,18.08122974576495,0.0037898742787130465,nan,nan
1998 SB139,25199,MBO,MBO,20892062354520386,745332606889361504,12.608966,2.782048,1.9028784,288.71782548577585,-20.38322740772788,2025053100467,37,60827.36084382272,i,288.7178221124017,-20.383238535920434,276.4464111328125,193736.0,691.303,False,177180.0,0.450448,194599.0,697.061,False,-149.608,68.1405,18.181974178085433,0.003874203412022264,18.278963256628195,2.7602873287075303e-06,18.177148489506237,0.0038891481278282053,nan,nan
1998 SB139,25199,MBO,MBO,20892062354520386,745332607085969634,12.608815,2.7820475,1.9028742,288.71777065483315,-20.383221252386697,2025053100468,156,60827.3613197653,i,288.71776661403055,-20.383231583790256,281.33526611328125,195066.0,684.711,False,178020.0,0.622141,193072.0,676.348,False,-159.358,40.6507,18.17454605382236,0.0038110973768145633,18.273828008248785,3.7944108082379932e-06,18.185701761527845,0.0038034284360363197,nan,nan
1998 SB139,25199,MBO,MBO,20892062354520386,745332607167758657,12.608669,2.782047,1.90287,288.7177174388056,-20.383215275126258,2025053100469,56,60827.361781453845,i,288.7177144316665,-20.383226144434552,285.93951416015625,192909.0,664.92,False,182249.0,0.426312,192940.0,662.844,False,-184.385,35.6373,18.1866187756394,0.0037423225391905682,18.248337114941613,2.5397251696551145e-06,18.186444314529382,0.0037300389890378457,nan,nan
1998 SB139,25199,MBO,MBO,20892062354520386,745337046265496342,12.302424,2.7811894,1.8942702,288.60884080392407,-20.37170723848032,2025060100775,19,60828.34205812689,u,288.60883626928023,-20.37171789796054,40.71342849731445,46308.5,1128.27,False,44938.8,3.87462,46855.1,1092.07,False,-143.611,123.422,19.735848215528293,0.02645310491482643,19.768446302925,9.361209240051482e-05,19.72310779103214,0.025305673006229566,nan,nan
1998 SB139,25199,MBO,MBO,20892062354520386,745337046424879241,12.302242,2.781189,1.8942653,288.6087721889379,-20.3717004293258,2025060100776,67,60828.34262352661,u,288.608771507696,-20.37170625553462,42.73025894165039,45249.4,1054.87,False,42997.7,3.28,45625.3,1046.76,False,-112.095,116.654,19.760967975235943,0.025311066766858865,19.816386956593718,8.282337858186058e-05,19.751985648683515,0.024909539681600652,nan,nan
1998 SB139,25199,MBO,MBO,20892062354520386,745337046573252652,12.30206,2.7811885,1.8942604,288.60870333285106,-20.371693591499245,2025060100777,94,60828.34319010767,u,288.6087003821734,-20.371703436975157,49.37251281738281,46552.9,932.589,False,44103.5,1.6421,47097.4,946.186,False,-69.3057,155.726,19.730133185405563,0.021750431525878012,19.788817360209585,4.0425077292313114e-05,19.717507704335013,0.021812422822056435,nan,nan
1998 SB139,25199,MBO,MBO,20892062354520386,745337046671818823,12.301878,2.781188,1.8942555,288.60863472158854,-20.371686773255536,2025060100778,26,60828.343755592214,u,288.6086284867424,-20.371700870406958,43.130306243896484,44777.9,1033.3,False,43858.5,0.587496,45480.9,1033.27,False,-9.54239,109.111,19.772340732587793,0.02505457630971559,19.79486556416235,1.4543718059435201e-05,19.75542741192895,0.02466658988801374,nan,nan
1998 SB139,25199,MBO,MBO,20892062354520386,745337046813376530,12.301695,2.7811875,1.8942506,288.6085657479394,-20.37167991423977,2025060100779,40,60828.3443231424,u,288.6085591170303,-20.371689863299185,49.454063415527344,44230.0,889.797,False,40940.4,0.360668,45026.6,891.163,False,-9.10074,85.4929,19.78570765157599,0.021842297413617488,19.869619837600638,9.564887600196853e-06,19.76632707676047,0.02148880721400203,nan,nan
1998 SB139,25199,MBO,MBO,20892062354520386,745337046947594329,12.301513,2.781187,1.8942457,288.6084968977565,-20.371673062741444,2025060100780,40,60828.344890185486,u,288.6084890081593,-20.37167538644091,45.29186248779297,45459.4,1003.39,False,43407.6,0.40203,45915.3,1005.24,False,-37.4822,105.268,19.755940788938688,0.023964612463897573,19.806085524861203,1.0055808224316455e-05,19.74510641592004,0.023770408410650434,nan,nan
1998 SB139,25199,MBO,MBO,20892062354520386,745337047098064975,12.3013315,2.7811866,1.894241,288.6084284138748,-20.371666242975376,2025060100781,71,60828.345454635,u,288.60842743934893,-20.371677272103973,41.1982421875,44391.2,1071.48,False,41284.1,0.965275,44416.8,1066.73,False,-74.322,128.641,19.7817578061091,0.026206649695038664,19.86054290554314,2.5385898302158822e-05,19.781131814214795,0.026075434072792756,nan,nan
1998 SB139,25199,MBO,MBO,20892062354520386,745337047249059923,12.301148,2.781186,1.8942361,288.60835932500225,-20.371659358193213,2025060100782,103,60828.34602326606,u,288.60835582946476,-20.37167081286488,40.280845642089844,45270.4,1114.67,False,41518.5,0.377724,45803.0,1122.38,False,-67.5511,149.586,19.76046420785033,0.026733531509372657,19.85439586318142,9.877731935883519e-06,19.747765189227405,0.026605432107020842,nan,nan
1998 SB139,25199,MBO,MBO,20892062354520386,745337047401103414,12.300965,2.7811856,1.8942312,288.6082903597505,-20.371652480950807,2025060100783,137,60828.34659178894,u,288.6082869356857,-20.371659949866526,43.86223602294922,45221.9,1027.15,False,42004.8,0.0564461,45552.4,1029.74,False,-50.0532,130.88,19.761628024280924,0.02466092773097202,19.841752676763868,1.4590136102075563e-06,19.753721878739043,0.0245437348467771,nan,nan
1998 SB139,25199,MBO,MBO,20892062354520386,745337047540564051,12.300782,2.781185,1.8942263,288.60822151804683,-20.37164561126598,2025060100784,147,60828.34715837493,u,288.6082135213148,-20.371656546547715,36.77138137817383,45319.3,1213.97,False,45285.4,7.18992,45757.0,1211.11,False,-34.6039,79.8801,19.759291998411015,0.029083660293957297,19.760104517056753,0.00017238131200849528,19.74885614312913,0.0287375911672592,nan,nan
1998 SB139,25199,MBO,MBO,20892062354520386,745337047673733203,12.300601,2.7811844,1.8942214,288.60815292148123,-20.371638761309768,2025060100785,145,60828.34772382787,u,288.6081485329491,-20.37165385545932,35.162837982177734,46363.1,1289.47,False,48265.1,2.47916,46563.5,1290.31,False,-33.3008,137.616,19.73456879661024,0.030196949404980553,19.690916939007025,5.5769360442749196e-05,19.729885957194938,0.030086577383118054,nan,nan
1998 SB139,25199,MBO,MBO,20892062354520386,745337047743463468,12.300416,2.781184,1.8942164,288.6080832345462,-20.371631797631515,2025060100786,22,60828.34829713953,u,288.60806942293465,-20.371638386143573,23.009424209594727,42504.3,1803.02,False,48198.2,15.4699,41229.8,1774.71,False,-57.6766,195.182,19.828917809517456,0.04605661255748381,19.69242296892412,0.000348482535213268,19.86197190916522,0.0467348088281573,nan,nan
1998 SB139,25199,MBO,MBO,20892062354520386,745337047875584172,12.300233,2.7811835,1.8942115,288.6080143998696,-20.37162491432896,2025060100787,18,60828.34886456038,u,288.6080177402484,-20.371618451497255,27.73638916015625,48587.4,1756.4,False,54381.9,22.095,49101.4,1764.28,False,-53.5853,109.756,19.683690885419544,0.03924859444774445,19.56136408884908,0.00044112731235717044,19.672265346828993,0.039011978560602484,nan,nan
1998 SB139,25199,MBO,MBO,20892062354520386,745345760658194519,11.670873,2.7794676,1.8776032,288.37270639697783,-20.350494930133205,2025060300166,92,60830.30980055616,y,288.3727108786221,-20.35050641599481,141.71119689941406,201188.0,1394.51,False,183385.0,1.0163,228421.0,1335.05,False,28668.9,577.604,18.140994816609886,0.007525647680279896,18.24159047596768,6.017033370890007e-06,18.003159928770454,0.006345792082062524,20.256472410766165,0.0218747691927294
1998 SB139,25199,MBO,MBO,20892062354520386,745345760899891323,11.670519,2.7794666,1.8775944,288.37256514862804,-20.350483940571028,2025060300168,41,60830.310858488854,y,288.3725530011142,-20.350492755706874,136.4275665283203,204967.0,1475.32,False,191389.0,3.71079,232670.0,1388.72,False,29648.1,315.494,18.12079013847714,0.00781495694081415,18.195207566823527,2.105104767358996e-05,17.983149025392724,0.006480352217574383,20.22000784728491,0.01155363243204642
1998 SB139,25199,MBO,MBO,20892062354520386,745345761030964065,11.67035,2.7794662,1.8775902,288.3724973273748,-20.35047865802625,2025060300169,35,60830.31136624284,y,288.3724789549074,-20.35048701698488,131.48915100097656,199572.0,1511.4,False,180797.0,5.20084,231828.0,1489.38,False,23928.4,166.575,18.149750975989555,0.00822250479214854,18.257021950335474,3.1232488808875065e-05,17.98708527866281,0.006975317019273379,20.45271583231561,0.007558236323437647
1998 SB139,25199,MBO,MBO,20892062354520386,745345761305690647,11.670018,2.7794652,1.8775821,288.37236475455256,-20.350468321081856,2025060300171,47,60830.312359761214,y,288.3723484001089,-20.350477582275982,145.0311279296875,210263.0,1447.78,False,197353.0,12.5897,225914.0,1391.61,False,12595.2,159.499,18.093092858578657,0.007475909667099787,18.161890668565857,6.926214863910958e-05,18.01514213701573,0.006688037678050592,21.14948731296557,0.013749192434437769
1998 SB139,25199,MBO,MBO,20892062354520386,745345761441481179,11.669851,2.7794647,1.8775779,288.3722978668713,-20.350463100225376,2025060300172,50,60830.312860876926,y,288.37249948391826,-20.35048893716164,156.87283325195312,88301.9,1211.25,False,212212.0,31.7037,112046.0,1134.25,False,24439.8,529.945,19.035074898132308,0.014893201633078244,18.083075153979824,0.000162205030585404,18.776509107504037,0.010990988435525663,20.42975584631475,0.023542764776713857
1998 SB139,25199,MBO,MBO,20892062354520386,745345761604010483,11.669683,2.7794645,1.8775737,288.3722304449692,-20.35045783393422,2025060300173,104,60830.31336549059,y,288.37245779111936,-20.350484673919862,153.16552734375,79465.1,1254.74,False,218064.0,37.4568,100113.0,1180.61,False,21505.3,218.519,19.149558893025368,0.017143583889889683,18.053540064524462,0.0001864966354090122,18.89877381075514,0.012803841706822852,20.56863619715235,0.011032349144638172
1998 SB139,25199,MBO,MBO,20892062354520386,745345761741897813,11.669516,2.779464,1.8775696,288.3721635569012,-20.35045260563187,2025060300174,111,60830.31386699877,y,288.37241393308824,-20.35048714116788,147.4405975341797,68803.0,1264.81,False,209541.0,20.2242,86761.1,1189.88,False,17454.2,436.314,19.305981562294917,0.019959159815087793,18.096827469552984,0.0001047916416685663,19.054187356505196,0.014890265076779919,20.795250178475943,0.027140855645647347
1998 SB139,25199,MBO,MBO,20892062354520386,745345763164815423,11.666727,2.7794566,1.8775008,288.3710472911355,-20.35036480629565,2025060300185,9,60830.322227854325,z,288.37104267608584,-20.350372952143985,303.7917175292969,201792.0,651.986,False,187826.0,1.20436,200777.0,631.537,False,-664.82,71.5308,18.13774013817052,0.0035079925374258214,18.215610725662465,6.961854399863125e-06,18.143215098155114,0.003415145020398623,nan,nan
1998 SB139,25199,MBO,MBO,20892062354520386,745345763745202655,11.666042,2.7794547,1.8774838,288.37077307724195,-20.35034307999551,2025060300189,92,60830.32428105055,z,288.3707680835928,-20.350352185951976,292.3783264160156,192224.0,648.851,False,191802.0,2.08251,187871.0,612.429,False,-580.708,37.4812,18.190480974331848,0.003664896352731303,18.192867171427004,1.1788492809286268e-05,18.21535063239876,0.003539324087478053,nan,nan
1998 SB139,25199,MBO,MBO,20892062354520386,745345763988996794,11.665702,2.779454,1.8774755,288.3706370419419,-20.350332278558305,2025060300191,45,60830.325300488075,z,288.3706305162932,-20.350342330741736,292.7044982910156,188900.0,642.044,False,185614.0,1.4174,185231.0,607.749,False,-489.423,43.2021,18.209420105195413,0.0036902616344076686,18.228473175176468,8.290982896313388e-06,18.23071582164208,0.0035623363160188666,nan,nan
1998 SB139,25199,MBO,MBO,20892062354520386,745345764120068794,11.665534,2.7794535,1.8774713,288.3705696260886,-20.350326919920036,2025060300192,39,60830.325805208544,z,288.3705646801778,-20.35033910506565,312.43206787109375,186399.0,592.387,False,175856.0,0.267559,184011.0,584.66,False,-441.553,169.294,18.223891054735763,0.0034505337426978737,18.287107023692617,1.6519111342474418e-06,18.237890536273593,0.003449720398867096,nan,nan
1998 SB139,25199,MBO,MBO,20892062354520386,745345764397941251,11.665196,2.7794526,1.877463,288.37043452957795,-20.3503161702142,2025060300194,57,60830.32681765605,z,288.37042947758727,-20.35032711978377,289.8298645019531,186182.0,639.406,False,177911.0,0.307591,180934.0,600.134,False,-571.879,34.0854,18.225155771847334,0.0037287506316470553,18.274492998092423,1.8771333726803086e-06,18.256199538835418,0.003601242338576891,nan,nan
1998 SB139,25199,MBO,MBO,20892062354520386,745345764533731577,11.665025,2.779452,1.8774588,288.3703660481111,-20.350310715304214,2025060300195,60,60830.32733035537,z,288.3703616703727,-20.350319853317732,292.453369140625,188038.0,641.782,False,179370.0,1.01548,183051.0,604.995,False,-641.492,46.8874,18.214385941699025,0.0037056655243986594,18.265625479650467,6.1467550107045716e-06,18.24356973560819,0.0035884260118557026,nan,nan
1998 SB139,25199,MBO,MBO,20892062354520386,745345764692067127,11.664856,2.7794516,1.8774546,288.37029823494265,-20.350305309781287,2025060300196,106,60830.327838448524,z,288.37029281187256,-20.350317409472083,274.3802185058594,189030.0,678.461,False,172509.0,0.00981649,182271.0,632.083,False,-850.801,30.8371,18.208673164163024,0.0038968929250699433,18.307970605848134,6.178297201961957e-08,18.248206059325824,0.0037651376576331224,nan,nan
1998 SB139,25199,MBO,MBO,20892062354520386,745345764830478981,11.664688,2.7794514,1.8774505,288.3702312236687,-20.35029996441809,2025060300197,114,60830.328340905355,z,288.3702249828585,-20.35031128416559,278.0319519042969,176876.0,635.867,False,177078.0,1.34507,170745.0,594.152,False,-799.815,28.541,18.28082772940853,0.003903208055825771,18.27958847946548,8.247163406972467e-06,18.319130012735446,0.0037781036817640286,nan,nan
1998 SB139,25199,MBO,MBO,20892062354520386,745345765312824246,11.664,2.7794495,1.8774335,288.3699555795382,-20.35027793747613,2025060300201,10,60830.33040550394,z,288.36995015255997,-20.350290500479932,281.47705078125,175880.0,621.712,False,163165.0,0.132987,171604.0,584.419,False,-764.83,44.4616,18.28695885763083,0.003837930408774221,18.368432486765357,8.849250306444024e-07,18.313681482977007,0.003697611209181729,nan,nan
1998 SB139,25199,MBO,MBO,20892062354520386,745345765598560300,11.663662,2.7794485,1.8774252,288.3698202333531,-20.35026709868521,2025060300203,43,60830.33141911519,z,288.36981637688626,-20.350278616412766,278.2618408203125,173689.0,624.532,False,167096.0,0.932154,171251.0,596.447,False,-700.022,54.301,18.30056921310178,0.003903971951849555,18.342584865672265,6.056837662175514e-06,18.315917209541922,0.00378149105958935,nan,nan
1998 SB139,25199,MBO,MBO,20892062354520386,745345765755323209,11.663482,2.779448,1.8774208,288.369748157417,-20.35026132047248,2025060300204,86,60830.33195953259,z,288.3697439870736,-20.35027233060801,275.82080078125,170347.0,612.329,False,158292.0,0.0587216,166748.0,578.578,False,-569.583,68.8011,18.32166377609318,0.0039027851518210832,18.401352584032516,4.027756627497884e-07,18.344848415929924,0.0037672600874218386,nan,nan
1998 SB139,25199,MBO,MBO,20892062354520386,745345766282756231,11.658879,2.779436,1.8773075,288.3679064085773,-20.350112201163032,2025060300208,68,60830.345762082274,i,288.3679001753856,-20.350124107832976,224.74642944335938,142147.0,625.192,False,140444.0,2.62539,141783.0,613.132,False,1022.34,13.9328,18.51815575405967,0.00477529323411723,18.5312420246119,2.0296210816637473e-05,18.52093959652116,0.004695200633160548,23.87601158822651,0.014796785134462354
1998 SB139,25199,MBO,MBO,20892062354520386,745345766429557372,11.658709,2.7794356,1.8773034,288.3678379857032,-20.350106606759294,2025060300209,92,60830.34627526585,i,288.367833149942,-20.350116660266544,303.6017150878906,146220.0,477.251,False,139926.0,1.30744,143021.0,454.144,False,934.809,12.0756,18.487483051079078,0.003543760751908899,18.53525395166537,1.01448979438283e-05,18.511500474265286,0.0034476097670437487,23.97319276319118,0.014025234525827738
1998 SB139,25199,MBO,MBO,20892062354520386,745345766673875552,11.658378,2.7794347,1.8772953,288.3677058148126,-20.35009578913979,2025060300211,46,60830.34726659373,i,288.36770081325267,-20.350107230030343,339.19976806640625,142756.0,417.985,False,136432.0,0.271391,141286.0,407.94,False,389.727,51.1665,18.513514073517353,0.0031790007540242636,18.562709385901936,2.1597501981953843e-06,18.524752175420637,0.003134884065086098,24.9230987924729,0.1425441990978141
1998 SB139,25199,MBO,MBO,20892062354520386,745345767084392539,11.657872,2.7794333,1.8772829,288.3675036414509,-20.350079213984333,2025060300214,61,60830.34878227527,i,288.36749830127707,-20.350090142873338,324.1434326171875,141231.0,432.279,False,134267.0,0.287532,137157.0,410.372,False,157.141,13.1082,18.525174914526715,0.0033232148171731465,18.580076786626343,2.3250977850770634e-06,18.556955056663483,0.003248508992554161,25.909276173942416,0.0905686409834344
1998 SB139,25199,MBO,MBO,20892062354520386,745345767218086629,11.657702,2.779433,1.8772787,288.3674356329109,-20.35007363066838,2025060300215,60,60830.34929229524,i,288.3674313781575,-20.35008575972781,327.3462219238281,141549.0,428.539,False,133685.0,0.421267,137767.0,407.12,False,24.8688,17.9889,18.522732986111304,0.003287061788082416,18.58479329902318,3.421362432828445e-06,18.552136996605068,0.0032084963625518687,27.91086296035119,0.7853696117044652
1998 SB139,25199,MBO,MBO,20892062354520386,745345767396868709,11.657533,2.7794325,1.8772745,288.36736749351974,-20.350068032751416,2025060300216,145,60830.34980337198,i,288.36736350213806,-20.350079983436892,332.6020202636719,140289.0,419.152,False,133636.0,0.186992,137619.0,400.872,False,-131.25,19.0909,18.532440951199355,0.003243935807113643,18.58519133041337,1.5192312647854146e-06,18.553304005630757,0.0031626538046821214,nan,nan
1998 SB139,25199,MBO,MBO,20892062354520386,745345767531610617,11.657366,2.779432,1.8772705,288.3673008233958,-20.350062551802843,2025060300217,146,60830.35030382943,i,288.36729492819006,-20.350074219873687,311.8111877441406,140008.0,449.212,False,134659.0,0.661299,136414.0,429.127,False,-266.121,15.865,18.53461787050812,0.003483556211848409,18.57691153749683,5.331958917591996e-06,18.562852640717573,0.003415475946115766,nan,nan
1998 SB139,25199,MBO,MBO,20892062354520386,745345767999275042,11.656687,2.7794302,1.8772538,288.36702910220833,-20.35004017539517,2025060300221,14,60830.35234157655,i,288.36702657042247,-20.350050509538065,301.496826171875,142432.0,469.893,False,135447.0,0.477627,138663.0,445.314,False,-366.599,14.1727,18.51598106849393,0.003581918728193121,18.570576524156845,3.828633607301395e-06,18.545098519982673,0.0034868243673459223,nan,nan
1998 SB139,25199,MBO,MBO,20892062354520386,745345768281342366,11.656346,2.7794294,1.8772454,288.3668931245874,-20.35002895452399,2025060300223,40,60830.35336126856,i,288.3668885702942,-20.350039263535493,308.45355224609375,139402.0,452.084,False,130880.0,0.56802,136535.0,434.285,False,-341.467,12.4548,18.539327488429798,0.0035210684391994767,18.60781678418188,4.712101650306711e-06,18.56189001334483,0.0034534657901598045,nan,nan
1998 SB139,25199,MBO,MBO,20892062354520386,745345768439677314,11.656177,2.779429,1.8772413,288.3668251400558,-20.350023338684636,2025060300224,86,60830.35387136057,i,288.36681824710155,-20.350033054626678,227.04580688476562,135960.0,597.162,False,125846.0,0.0863808,133472.0,581.407,False,-346.812,18.0685,18.566472110222442,0.004768758382774446,18.650401459735512,7.452502600839064e-07,18.586524579585657,0.004729490908314875,nan,nan
1998 SB139,25199,MBO,MBO,20892062354520386,745345768826601962,11.655669,2.7794275,1.8772287,288.3666222699233,-20.35000655786616,2025060300227,56,60830.35539382209,i,288.3666194191249,-20.350019154193397,319.68023681640625,137652.0,429.325,False,126974.0,0.315997,134574.0,412.541,False,-243.194,13.8597,18.55304368547405,0.003386319918064392,18.64071299706928,2.702044421617882e-06,18.57759709669998,0.0033283597387141067,nan,nan
1998 SB139,25199,MBO,MBO,20892062354520386,745468915933511965,1.2636118,2.7551613,1.7396433,283.09802461005813,-20.25497514787953,2025070100240,170,60858.05233450734,z,283.09802015218776,-20.2549884988129,105.91348266601562,578855.0,5375.35,False,520312.0,0.097835,582922.0,5256.93,False,13909.2,116.777,16.993575527582855,0.010082338779617585,17.109340394544525,2.0415250504320166e-07,16.985973884268283,0.009791429072382275,21.041744605061012,0.009115478637631905
1998 SB139,25199,MBO,MBO,20892062354520386,745473313824836393,1.0389688,2.7542381,1.7383335,282.8549423415279,-20.256128361777325,2025070200239,130,60859.10705011841,i,282.8549379778183,-20.256139709672734,473.4971008300781,550044.0,1156.27,False,492256.0,1.31066,512143.0,1040.12,False,2261.65,109.449,17.04900642084218,0.0022823705425047223,17.169522454094412,2.8908352953337557e-06,17.126521897170846,0.002205040264128533,23.013936554724193,0.05254249963021898
1998 SB139,25199,MBO,MBO,20892062354520386,745477745704174799,0.99429816,2.75322,1.7372463,282.58543304254727,-20.25746297982541,2025070300491,149,60860.27043209556,r,282.58542702700686,-20.257479077368227,686.9968872070312,386159.0,563.219,False,349188.0,0.12925,359163.0,529.061,False,-1550.7,112.533,17.433084597099707,0.0015835633848905071,17.542351723579756,4.0187924490993886e-07,17.511771023855715,0.0015993313735765521,nan,nan
1998 SB139,25199,MBO,MBO,20892062354520386,745477749923119775,0.99577665,2.7532027,1.7372332,282.58071325845003,-20.257460233023465,2025070300523,4,60860.290285233496,r,282.58070664105907,-20.2574715324612,714.4113159179688,458831.0,642.041,False,441174.0,0.476605,426891.0,600.59,False,-244.712,106.107,17.245868118850833,0.0015192678254166401,17.288475225106204,1.1729324525438479e-06,17.324207502961666,0.0015275148372152134,nan,nan
1998 SB139,25199,MBO,MBO,20892062354520386,745482109378888718,1.1079198,2.7524998,1.7367041,282.39694466865694,-20.2584355455926,2025070400235,126,60861.093531431005,y,282.39670685611736,-20.258443152737016,108.9505386352539,68142.3,1808.76,False,196809.0,13.4621,160999.0,1385.92,False,99693.7,1074.39,19.316458079351882,0.028819636530944378,18.164887613326666,7.42663668508643e-05,18.382942053644452,0.009346291396911803,18.903330679557588,0.011700880801586992
1998 SB139,25199,MBO,MBO,20892062354520386,745482109915759435,1.1082973,2.7524981,1.7367028,282.39650231972666,-20.25844080743003,2025070400239,126,60861.09539696709,y,282.3967182077065,-20.258445216796307,108.63059997558594,68821.1,1843.2,False,204940.0,35.2215,161690.0,1488.18,False,98770.5,1090.13,19.305695950666443,0.02907871094998823,18.120933170323735,0.00018659733661867357,18.378292097406458,0.009993017276967421,18.913431869307068,0.011983270452153487
1998 SB139,25199,MBO,MBO,20892062354520386,745482116358210312,1.1128011,2.7524788,1.7366883,282.39126708409697,-20.25849933056202,2025070400287,126,60861.117437673165,y,282.3912628363796,-20.258508384939958,111.2346420288086,225301.0,1939.9,False,209828.0,0.017869,455673.0,1687.48,False,239737.0,993.73,18.0180922016323,0.009348470224799387,18.095341397194694,9.246153793808244e-08,17.25336675978375,0.0040207739093592616,17.950662334025544,0.00450046766893934
1998 SB139,25199,MBO,MBO,20892062354520386,745490890663395747,1.6662108,2.7508116,1.7361544,281.95277094678886,-20.260910616421416,2025070600125,41,60863.02386669692,y,281.9527522093002,-20.26092751102465,67.50733184814453,291504.0,4306.88,False,300996.0,4.798,321396.0,4112.39,False,35242.0,121.234,17.738388703754623,0.016041410815336946,17.703598189499363,1.7307081014978846e-05,17.63239883160077,0.0138924282179174,20.032348632863584,0.0037349794082838813
1998 SB139,25199,MBO,MBO,20892062354520386,745495281593745742,2.029216,2.7499394,1.7362592,281.7238983619575,-20.262359057162534,2025070700072,36,60864.02140862284,i,281.7238906588918,-20.2623683668099,286.72906494140625,363917.0,1262.82,False,325255.0,0.0200544,335377.0,1149.11,False,-2955.48,37.9159,17.497494140824564,0.0037675880373182666,17.619440046249384,6.694374601184405e-08,17.58616681105999,0.0037200831134671583,nan,nan
1998 SB139,25199,MBO,MBO,20892062354520386,745495285217624340,2.0344217,2.7499273,1.73626,281.72069680768186,-20.262409568944594,2025070700099,36,60864.03511812302,z,281.72068834063504,-20.2624219777375,205.52882385253906,316382.0,1531.58,False,310384.0,3.13172,343840.0,1303.32,False,62031.3,72.9335,17.64947058223936,0.005255962124174065,17.67025168576084,1.0954887683966713e-05,17.55910900463158,0.004115465484148022,19.418472779225425,0.0012765578486678023
1998 SB139,25199,MBO,MBO,20892062354520386,745517314132150893,4.0506167,2.7455394,1.7408478,280.58698188518434,-20.27047772503851,2025071200387,88,60869.05823486799,i,280.5869725922704,-20.270490243291196,329.631103515625,299975.0,904.349,False,273345.0,0.0992222,311796.0,782.508,False,38135.2,291.377,17.707287344988032,0.003273220934999651,17.808222164429864,3.9411415180088966e-07,17.665323651580824,0.002724849777872624,19.946684951274058,0.008295710524371908
1998 SB139,25199,MBO,MBO,20892062354520386,745517320574600663,4.0604997,2.745519,1.7408824,280.5815818491802,-20.27055335594366,2025071200435,88,60869.08193079893,z,280.5815729716675,-20.270566183194465,197.7027130126953,242383.0,1218.57,False,229663.0,1.67805,206496.0,916.232,False,12171.9,230.558,17.93874460880044,0.005458491349295142,17.99727241612819,7.933013516000976e-06,18.11272089143242,0.004817460137370019,21.186604025926584,0.020565824432110177
1998 SB139,25199,MBO,MBO,20892062354520386,745521694303585305,4.473808,2.7446423,1.7426089,280.3604605843733,-20.272257019862295,2025071300254,42,60870.08634126024,r,280.3604521589184,-20.272266665882764,461.6921691894531,321666.0,694.5,False,293332.0,0.0716418,317883.0,590.716,False,25367.1,125.805,17.63148710367248,0.0023441824569725143,17.731601391599515,2.6517427031771323e-07,17.64433174252516,0.0020176031799149863,20.389322964351237,0.005384574731612457
1998 SB139,25199,MBO,MBO,20892062354520386,745539265804895053,6.0879736,2.7412064,1.7519337,279.51893108898173,-20.279026398832254,2025071700100,13,60874.027397474085,g,279.5189154938806,-20.279041454228118,476.2416076660156,248825.0,524.075,False,256923.0,1.63322,231110.0,425.7,False,501.128,38.4189,17.9102649681464,0.0022867767095839744,17.87549253880895,6.901857903069215e-06,17.990453156089554,0.001999904442123454,24.650128347180463,0.08323779742016084
1998 SB139,25199,MBO,MBO,20892062354520386,745539272247346640,6.0984955,2.7411842,1.7520036,279.51347068537507,-20.2791146232378,2025071700148,13,60874.052935466345,r,279.513461617752,-20.27912796356849,474.84210205078125,385784.0,810.533,False,332273.0,0.0315908,321250.0,508.897,False,-2970.54,51.5044,17.43413947060413,0.0022811341190592423,17.59626236849608,1.0322619079021856e-07,17.63289215915162,0.0017199312088365382,nan,nan
1998 SB139,25199,MBO,MBO,20892062354520386,745543667878985892,6.5116568,2.7402964,1.7550694,279.303486614446,-20.28095955449678,2025071800130,15,60875.0722354427,u,279.30348048640417,-20.280972139689894,119.19720458984375,70362.5,590.362,False,64852.3,1.08055,66514.3,545.52,False,-199.053,114.854,19.28164684582935,0.009109645006690696,19.370186529332326,1.8090217208331577e-05,19.34271248875079,0.008904714677184806,nan,nan
1998 SB139,25199,MBO,MBO,20892062354520386,745543669579776107,6.5147257,2.74029,1.7550921,279.3019070809247,-20.280981434186067,2025071800142,187,60875.07970915022,u,279.30189260289774,-20.280994287341528,105.83743286132812,72542.8,688.905,False,68032.4,3.13478,68753.8,614.116,False,-315.358,57.5095,19.24851426071019,0.010310729171862758,19.318210545007435,5.0028282733578855e-05,19.306758283150472,0.009697908125012002,nan,nan
1998 SB139,25199,MBO,MBO,20892062354520386,745548068640261016,6.8996725,2.7394571,1.7582186,279.1086310480586,-20.282645310583003,2025071900150,73,60876.03635748465,g,279.10862048385775,-20.282657371592855,249.69886779785156,92973.6,371.464,False,86842.4,0.253403,116270.0,305.886,False,33308.7,200.287,18.979100863109675,0.004337918453443712,19.05317047646564,3.1681393548915628e-06,18.73633081883587,0.0028563816107731615,20.093605817938048,0.006528590282001757
1998 SB139,25199,MBO,MBO,20892062354520386,745548068796498347,6.899853,2.7394567,1.7582201,279.1085392210936,-20.28264684063204,2025071900151,115,60876.036801624025,g,279.10849339362267,-20.282662441281026,231.40078735351562,99724.3,434.382,False,84392.6,1.30385,116073.0,296.623,False,28671.1,65.1126,18.9029975427066,0.004729281292682435,19.08423906238782,1.6774423157931312e-05,18.738171976810015,0.0027745842262177794,20.25638912609856,0.0024657271815354325
1998 SB139,25199,MBO,MBO,20892062354520386,745548077632849730,6.915484,2.7394233,1.7583456,279.100588370544,-20.28276884390949,2025071900217,73,60876.075155731545,r,279.10060182054264,-20.282782290483823,323.91888427734375,178610.0,558.864,False,165679.0,0.31699,215679.0,411.775,False,64110.9,223.046,18.27023557381968,0.0033972280005598616,18.35183133851853,2.077315209614071e-06,18.06548034688791,0.0020728908196322813,19.382670342390785,0.0037773472081602585
1998 SB139,25199,MBO,MBO,20892062354520386,745548077789086385,6.915672,2.739423,1.7583472,279.10049282068536,-20.28277017878865,2025071900218,115,60876.075615215566,r,279.1004693856359,-20.28278051317013,327.907958984375,169505.0,518.207,False,151631.0,1.43039,190480.0,353.987,False,57236.2,189.141,18.327043716507962,0.003319288924340128,18.448030002158667,1.0242141846302792e-05,18.20037654400794,0.0020177262777381945,19.505823033416604,0.0035878909035123485
1998 SB139,25199,MBO,MBO,20892062354520386,745552459409129518,7.3095994,2.7385652,1.7618158,278.90492282033296,-20.284544713809787,2025072000096,16,60877.061243040385,u,278.9049157317058,-20.284555885829956,92.43563842773438,38096.5,410.22,False,35045.0,0.207018,38377.1,409.76,False,-253.694,151.837,19.947787304938814,0.011691118796772444,20.03843483920109,6.413666450283427e-06,19.939819571327174,0.011592623198498844,nan,nan
1998 SB139,25199,MBO,MBO,20892062354520386,745556862696947755,7.708539,2.7376904,1.7656035,278.70921667564096,-20.28639629917626,2025072100135,29,60878.067022419535,u,278.70908403226696,-20.28641068919585,72.46654510498047,18934.5,420.433,False,33349.6,10.0128,42220.4,413.878,False,22895.4,211.863,20.706865396823694,0.02410833900468439,20.09227337590091,0.0003259786983025932,19.836194181337415,0.010643251497148714,20.50062939301612,0.010046879844032498
1998 SB139,25199,MBO,MBO,20892062354520386,745556863047696633,7.708977,2.7376895,1.7656077,278.7089988190721,-20.286399517479957,2025072100137,186,60878.06811399653,u,278.70911885683535,-20.2864112695676,73.41777801513672,18489.0,437.646,False,33877.7,15.2935,42393.0,411.712,False,23793.7,138.676,20.732716443874153,0.025700043421841054,20.075215230396623,0.0004901367853308591,19.831764622218017,0.010544444375959292,20.458845081813266,0.006327958800364699
